<!-- <?xml version="1.0" encoding="UTF-8"?> -->
<!-- <span style="font-size: 12pt;">  -->
<!-- 	<bean id="dataSource" class="org.apache.commons.dbcp.BasicDataSource" destroy-method="close">             -->
<!-- 		<property name="driverClassName" value="com.mysql.jdbc.Driver" />             -->
<!-- 		<property name="url" value="jdbc:mysql://localhost:3306/BBS" />             -->
<!-- 		<property name="username" value="root" />             -->
<!-- 		<property name="password" value="rkdgustjd1" />     -->
<!-- 	</bean>  -->
<!-- 	     -->
<!-- <bean id="sqlSessionFactory" class="org.mybatis.spring.SqlSessionFactoryBean">             -->
<!-- 	<property name="dataSource" ref="dataSource" />             -->
<!-- 	<property name="configLocation" value="classpath:mybatis-config.xml"/>             -->
<!-- 	<property name="mapperLocations" value="classpath:mybatis/mapper/MainDAO.xml" />      -->
<!-- </bean>  -->
<!--      -->
<!-- <bean id="sqlSession" class="org.mybatis.spring.SqlSessionTemplate" destroy-method="clearCache"> -->
<!--     <constructor-arg name="sqlSessionFactory" ref="sqlSessionFactory" /> -->
<!--   </bean> -->
<!-- </span> -->

